{"current":{"logo":"shopify://shop_images/ChatGPT_Image_Jan_12_2026_03_27_39_PM_8325a23f-a257-4cde-a882-9e281cb07a0b.png","logo_height":50,"logo_height_mobile":40,"type_body_font":"arimo_n4","type_subheading_font":"arimo_n4","type_heading_font":"arimo_n4","type_accent_font":"arimo_n4","type_size_paragraph":"16","type_line_height_paragraph":"body-loose","type_font_h1":"heading","type_size_h1":"48","type_line_height_h1":"display-loose","type_letter_spacing_h1":"heading-loose","type_case_h1":"none","type_font_h2":"primary","type_size_h2":"32","type_line_height_h2":"display-loose","type_letter_spacing_h2":"heading-loose","type_case_h2":"none","type_font_h3":"primary","type_size_h3":"24","type_line_height_h3":"display-loose","type_letter_spacing_h3":"heading-tight","type_case_h3":"none","type_size_h5":"heading-xs","type_size_h6":"heading-xs","page_width":"wide","page_transition_enabled":true,"transition_to_main_product":true,"add_to_cart_animation":true,"card_hover_effect":"scale","badge_position":"top-right","badge_corner_radius":0,"badge_sale_color_scheme":"scheme-1","badge_sold_out_color_scheme":"scheme-1","badge_text_transform":"none","primary_button_border_width":0,"button_border_radius_primary":0,"button_text_case_primary":"default","secondary_button_border_width":2,"button_border_radius_secondary":0,"button_text_case_secondary":"default","pills_border_radius":20,"cart_type":"drawer","icon_stroke":"thin","input_border_width":2,"inputs_border_radius":0,"popover_border_radius":8,"popover_border":"none","currency_code_enabled_product_pages":false,"currency_code_enabled_product_cards":false,"currency_code_enabled_cart_items":false,"quick_add":true,"mobile_quick_add":true,"show_second_image_on_hover":true,"product_card_carousel":true,"empty_state_collection":"featured-products-4","product_corner_radius":0,"card_corner_radius":0,"variant_swatch_width":24,"variant_swatch_height":24,"variant_swatch_radius":4,"variant_button_border_width":1,"variant_button_radius":0,"variant_button_width":"equal-width-buttons","content_for_index":[],"color_schemes":{"scheme-1":{"settings":{"background":"#ffffff","foreground_heading":"#000000","foreground":"#333333","primary":"#000000","primary_hover":"#1a1a1a","border":"#f0f0f0","shadow":"#00000008","primary_button_background":"#000000","primary_button_text":"#ffffff","primary_button_border":"#000000","primary_button_hover_background":"#1a1a1a","primary_button_hover_text":"#ffffff","primary_button_hover_border":"#333333","secondary_button_background":"rgba(0,0,0,0)","secondary_button_text":"#000000","secondary_button_border":"#000000","secondary_button_hover_background":"#f5f5f5","secondary_button_hover_text":"#000000","secondary_button_hover_border":"#000000","input_background":"#ffffff","input_text_color":"#000000","input_border_color":"#cccccc","input_hover_background":"#f5f5f5","variant_background_color":"#ffffff","variant_text_color":"#000000","variant_border_color":"#e6e6e6","variant_hover_background_color":"#f5f5f5","variant_hover_text_color":"#000000","variant_hover_border_color":"#e6e6e6","selected_variant_background_color":"#000000","selected_variant_text_color":"#ffffff","selected_variant_border_color":"#000000","selected_variant_hover_background_color":"#1a1a1a","selected_variant_hover_text_color":"#ffffff","selected_variant_hover_border_color":"#1a1a1a"}},"scheme-2":{"settings":{"background":"#121212","foreground_heading":"#ffffff","foreground":"#f4f0f2","primary":"#dfd2d7","primary_hover":"#f4f0f2","border":"#12080c","shadow":"#000000","primary_button_background":"#dfd2d7","primary_button_text":"#12080c","primary_button_border":"#dfd2d7","primary_button_hover_background":"#d2adbb","primary_button_hover_text":"#12080c","primary_button_hover_border":"#d2adbb","secondary_button_background":"rgba(0,0,0,0)","secondary_button_text":"#f4f0f2","secondary_button_border":"#f4f0f2","secondary_button_hover_background":"#12080c","secondary_button_hover_text":"#f4f0f2","secondary_button_hover_border":"#12080c","input_background":"#333333","input_text_color":"#ffffff","input_border_color":"#dfd2d7","input_hover_background":"#f5f5f5","variant_background_color":"#ffffff","variant_text_color":"#000000","variant_border_color":"#e6e6e6","variant_hover_background_color":"#f5f5f5","variant_hover_text_color":"#000000","variant_hover_border_color":"#e6e6e6","selected_variant_background_color":"#000000","selected_variant_text_color":"#ffffff","selected_variant_border_color":"#000000","selected_variant_hover_background_color":"#1a1a1a","selected_variant_hover_text_color":"#ffffff","selected_variant_hover_border_color":"#1a1a1a"}},"scheme-3":{"settings":{"background":"#66384a","foreground_heading":"#000000","foreground":"#f4f0f2","primary":"#f3f2f2","primary_hover":"#e1e1e1","border":"#46202f","shadow":"#000000","primary_button_background":"#e1e1e1","primary_button_text":"#0d0d0d","primary_button_border":"#e1e1e1","primary_button_hover_background":"#bfbfbf","primary_button_hover_text":"#000000","primary_button_hover_border":"#bfbfbf","secondary_button_background":"rgba(0,0,0,0)","secondary_button_text":"#f4f0f2","secondary_button_border":"#f4f0f2","secondary_button_hover_background":"#e1e1e1","secondary_button_hover_text":"#0d0d0d","secondary_button_hover_border":"#e1e1e1","input_background":"#ffffff","input_text_color":"#f3f2f2","input_border_color":"#f3f2f2","input_hover_background":"#f5f5f5","variant_background_color":"#ffffff","variant_text_color":"#000000","variant_border_color":"#e6e6e6","variant_hover_background_color":"#f5f5f5","variant_hover_text_color":"#000000","variant_hover_border_color":"#e6e6e6","selected_variant_background_color":"#000000","selected_variant_text_color":"#ffffff","selected_variant_border_color":"#000000","selected_variant_hover_background_color":"#1a1a1a","selected_variant_hover_text_color":"#ffffff","selected_variant_hover_border_color":"#1a1a1a"}},"scheme-4":{"settings":{"background":"#e1e1e1","foreground_heading":"#ffffff","foreground":"#12080c","primary":"#12080c","primary_hover":"#0d0d0d","border":"#bfbfbf","shadow":"#000000","primary_button_background":"#66384a","primary_button_text":"#f4f0f2","primary_button_border":"#66384a","primary_button_hover_background":"#333333","primary_button_hover_text":"#ffffff","primary_button_hover_border":"#333333","secondary_button_background":"rgba(0,0,0,0)","secondary_button_text":"#0d0d0d","secondary_button_border":"#0d0d0d","secondary_button_hover_background":"#ffffff","secondary_button_hover_text":"#12080c","secondary_button_hover_border":"#ffffff","input_background":"#f7f7f7","input_text_color":"#000000","input_border_color":"#000000","input_hover_background":"#f5f5f5","variant_background_color":"#ffffff","variant_text_color":"#000000","variant_border_color":"#e6e6e6","variant_hover_background_color":"#f5f5f5","variant_hover_text_color":"#000000","variant_hover_border_color":"#e6e6e6","selected_variant_background_color":"#000000","selected_variant_text_color":"#ffffff","selected_variant_border_color":"#000000","selected_variant_hover_background_color":"#1a1a1a","selected_variant_hover_text_color":"#ffffff","selected_variant_hover_border_color":"#1a1a1a"}}}},"presets":{"Horizon":{"color_schemes":{"scheme-1":{"settings":{"background":"#ffffff","foreground_heading":"#000000","foreground":"#000000cf","primary":"#000000cf","primary_hover":"#000000","border":"#0000000f","shadow":"#000000","primary_button_background":"#000000","primary_button_text":"#ffffff","primary_button_border":"#000000","primary_button_hover_background":"#333333","primary_button_hover_text":"#ffffff","primary_button_hover_border":"#000000","secondary_button_background":"rgba(0,0,0,0)","secondary_button_text":"#000000","secondary_button_border":"#000000","secondary_button_hover_background":"#fafafa","secondary_button_hover_text":"#333333","secondary_button_hover_border":"#333333","input_background":"#ffffffc7","input_text_color":"#333333","input_border_color":"#dfdfdf","input_hover_background":"#00000003","variant_background_color":"#ffffff","variant_text_color":"#000000","variant_border_color":"#00000021","variant_hover_background_color":"#f5f5f5","variant_hover_text_color":"#000000","variant_hover_border_color":"#e6e6e6","selected_variant_background_color":"#000000","selected_variant_text_color":"#ffffff","selected_variant_border_color":"#000000","selected_variant_hover_background_color":"#1a1a1a","selected_variant_hover_text_color":"#ffffff","selected_variant_hover_border_color":"#1a1a1a"}},"scheme-2":{"settings":{"background":"#f5f5f5","foreground_heading":"#000000","foreground":"#000000cf","primary":"#000000cf","primary_hover":"#ffffff","border":"#DFDFDF","shadow":"#000000","primary_button_background":"#000000","primary_button_text":"#ffffff","primary_button_border":"#000000","primary_button_hover_background":"#333333","primary_button_hover_text":"#ffffff","primary_button_hover_border":"#333333","secondary_button_background":"rgba(0,0,0,0)","secondary_button_text":"#000000","secondary_button_border":"#000000","secondary_button_hover_background":"#ffffff5c","secondary_button_hover_text":"#000000","secondary_button_hover_border":"#333333ba","input_background":"rgba(0,0,0,0)","input_text_color":"#00000087","input_border_color":"#00000021","input_hover_background":"#ffffff5c","variant_background_color":"#ffffff","variant_text_color":"#000000","variant_border_color":"#e6e6e6","variant_hover_background_color":"#f5f5f5","variant_hover_text_color":"#000000","variant_hover_border_color":"#e6e6e6","selected_variant_background_color":"#000000","selected_variant_text_color":"#ffffff","selected_variant_border_color":"#000000","selected_variant_hover_background_color":"#1a1a1a","selected_variant_hover_text_color":"#ffffff","selected_variant_hover_border_color":"#1a1a1a"}},"scheme-3":{"settings":{"background":"#eef1ea","foreground_heading":"#000000","foreground":"#000000cf","primary":"#000000cf","primary_hover":"#000000","border":"#000000cf","shadow":"#000000","primary_button_background":"#000000","primary_button_text":"#ffffff","primary_button_border":"#000000","primary_button_hover_background":"#333333","primary_button_hover_text":"#ffffff","primary_button_hover_border":"#333333","secondary_button_background":"rgba(0,0,0,0)","secondary_button_text":"#000000","secondary_button_border":"#000000","secondary_button_hover_background":"#ffffff5c","secondary_button_hover_text":"#000000cf","secondary_button_hover_border":"#000000cf","input_background":"rgba(0,0,0,0)","input_text_color":"#000000cf","input_border_color":"#000000cf","input_hover_background":"#ffffff5c","variant_background_color":"#ffffff","variant_text_color":"#000000","variant_border_color":"#e6e6e6","variant_hover_background_color":"#f5f5f5","variant_hover_text_color":"#000000","variant_hover_border_color":"#e6e6e6","selected_variant_background_color":"#000000","selected_variant_text_color":"#ffffff","selected_variant_border_color":"#000000","selected_variant_hover_background_color":"#1a1a1a","selected_variant_hover_text_color":"#ffffff","selected_variant_hover_border_color":"#1a1a1a"}},"scheme-4":{"settings":{"background":"#e1edf5","foreground_heading":"#000000","foreground":"#000000cf","primary":"#000000cf","primary_hover":"#000000","border":"#1d368680","shadow":"#000000","primary_button_background":"#000000","primary_button_text":"#ffffff","primary_button_border":"#1d3686","primary_button_hover_background":"#333333","primary_button_hover_text":"#ffffff","primary_button_hover_border":"#000000","secondary_button_background":"rgba(0,0,0,0)","secondary_button_text":"#000000","secondary_button_border":"#000000","secondary_button_hover_background":"#ffffff5c","secondary_button_hover_text":"#000000cf","secondary_button_hover_border":"#000000cf","input_background":"rgba(0,0,0,0)","input_text_color":"#000000cf","input_border_color":"#000000cf","input_hover_background":"#ffffff5c","variant_background_color":"#ffffff","variant_text_color":"#000000","variant_border_color":"#e6e6e6","variant_hover_background_color":"#f5f5f5","variant_hover_text_color":"#000000","variant_hover_border_color":"#e6e6e6","selected_variant_background_color":"#000000","selected_variant_text_color":"#ffffff","selected_variant_border_color":"#000000","selected_variant_hover_background_color":"#1a1a1a","selected_variant_hover_text_color":"#ffffff","selected_variant_hover_border_color":"#1a1a1a"}},"scheme-5":{"settings":{"background":"#333333","foreground_heading":"#ffffff","foreground":"#ffffff","primary":"#ffffff","primary_hover":"#ffffffb0","border":"#ffffffb0","shadow":"#000000","primary_button_background":"#ffffff","primary_button_text":"#000000","primary_button_border":"#ffffff","primary_button_hover_background":"#000000","primary_button_hover_text":"#ffffff","primary_button_hover_border":"#000000","secondary_button_background":"rgba(0,0,0,0)","secondary_button_text":"#ffffff","secondary_button_border":"#ffffffb0","secondary_button_hover_background":"#ffffff0a","secondary_button_hover_text":"#ffffffed","secondary_button_hover_border":"#ffffffb0","input_background":"#333333","input_text_color":"#ffffffed","input_border_color":"#ffffffb0","input_hover_background":"#ffffff0a","variant_background_color":"#ffffff","variant_text_color":"#000000","variant_border_color":"#e6e6e6","variant_hover_background_color":"#f5f5f5","variant_hover_text_color":"#000000","variant_hover_border_color":"#e6e6e6","selected_variant_background_color":"#000000","selected_variant_text_color":"#ffffff","selected_variant_border_color":"#000000","selected_variant_hover_background_color":"#1a1a1a","selected_variant_hover_text_color":"#ffffff","selected_variant_hover_border_color":"#1a1a1a"}},"scheme-6":{"settings":{"background":"rgba(0,0,0,0)","foreground_heading":"#ffffff","foreground":"#ffffff","primary":"#ffffff","primary_hover":"#ffffffb0","border":"#e6e6e6","shadow":"#000000","primary_button_background":"#ffffff","primary_button_text":"#000000","primary_button_border":"#ffffff","primary_button_hover_background":"#000000","primary_button_hover_text":"#ffffff","primary_button_hover_border":"#000000","secondary_button_background":"rgba(0,0,0,0)","secondary_button_text":"#ffffff","secondary_button_border":"#ffffff","secondary_button_hover_background":"#ffffff14","secondary_button_hover_text":"#ffffff","secondary_button_hover_border":"#ffffff","input_background":"#ffffff","input_text_color":"#00000087","input_border_color":"#00000021","input_hover_background":"#fafafa","variant_background_color":"#ffffff","variant_text_color":"#000000","variant_border_color":"#e6e6e6","variant_hover_background_color":"#f5f5f5","variant_hover_text_color":"#000000","variant_hover_border_color":"#e6e6e6","selected_variant_background_color":"#000000","selected_variant_text_color":"#ffffff","selected_variant_border_color":"#000000","selected_variant_hover_background_color":"#1a1a1a","selected_variant_hover_text_color":"#ffffff","selected_variant_hover_border_color":"#1a1a1a"}},"scheme-58084d4c-a86e-4d0a-855e-a0966e5043f7":{"settings":{"background":"rgba(0,0,0,0)","foreground_heading":"#000000","foreground":"#000000","primary":"#000000","primary_hover":"#00000087","border":"#e6e6e6","shadow":"#000000","primary_button_background":"#000000","primary_button_text":"#ffffff","primary_button_border":"#000000","primary_button_hover_background":"#333333","primary_button_hover_text":"#ffffff","primary_button_hover_border":"#333333","secondary_button_background":"rgba(0,0,0,0)","secondary_button_text":"#000000","secondary_button_border":"#000000","secondary_button_hover_background":"#fafafa","secondary_button_hover_text":"#333333","secondary_button_hover_border":"#333333","input_background":"#ffffff","input_text_color":"#00000087","input_border_color":"#00000021","input_hover_background":"#fafafa","variant_background_color":"#ffffff","variant_text_color":"#000000","variant_border_color":"#e6e6e6","variant_hover_background_color":"#f5f5f5","variant_hover_text_color":"#000000","variant_hover_border_color":"#e6e6e6","selected_variant_background_color":"#000000","selected_variant_text_color":"#ffffff","selected_variant_border_color":"#000000","selected_variant_hover_background_color":"#1a1a1a","selected_variant_hover_text_color":"#ffffff","selected_variant_hover_border_color":"#1a1a1a"}}}}}}