{
  "type": "footer",
  "name": "Footer",
  "sections": {
    "footer_utilities": {
      "type": "footer-utilities",
      "blocks": {
        "block_copyright": {
          "type": "footer-copyright",
          "settings": {
            "show_powered_by": false,
            "font_size": "0.75rem",
            "case": "none"
          }
        },
        "block_policies": {
          "type": "footer-policy-list",
          "settings": {
            "font_size": "0.75rem",
            "case": "none"
          }
        },
        "block_social": {
          "type": "social-links",
          "settings": {
            "facebook_url": "",
            "instagram_url": "",
            "youtube_url": "",
            "tiktok_url": "",
            "twitter_url": "",
            "threads_url": "",
            "linkedin_url": "",
            "bluesky_url": "",
            "snapchat_url": "",
            "pinterest_url": "",
            "tumblr_url": "",
            "vimeo_url": "",
            "custom_url": ""
          }
        }
      },
      "block_order": [
        "block_copyright",
        "block_policies",
        "block_social"
      ],
      "settings": {
        "section_width": "page-width",
        "gap": 24,
        "divider_thickness": 1,
        "color_scheme": "scheme-1",
        "padding-block-start": 40,
        "padding-block-end": 40
      }
    }
  },
  "order": [
    "footer_utilities"
  ]
}
