{"type":"header","name":"Header","sections":{"header_section":{"type":"header","blocks":{"header-logo":{"type":"_header-logo","static":true,"settings":{"hide_logo_on_home_page":false,"padding-block-start":0,"padding-block-end":0,"padding-inline-start":0,"padding-inline-end":0},"blocks":{}},"header-menu":{"type":"_header-menu","static":true,"settings":{"menu":"main-menu","color_scheme":"","type_font_primary_size":"var(--font-size--body-md)","menu_font_style":"inverse","type_font_primary_link":"primary","type_case_primary_link":"none","menu_style":"featured_products","featured_products_aspect_ratio":"4 \/ 5","featured_collections_aspect_ratio":"16 \/ 9","image_border_radius":0,"navigation_bar":false,"color_scheme_navigation_bar":"","drawer_accordion":false,"drawer_accordion_expand_first":false,"drawer_dividers":false},"blocks":{}}},"settings":{"logo_position":"center","menu_position":"left","menu_row":"top","show_search":false,"search_position":"right","search_row":"top","show_country":false,"country_selector_style":false,"show_language":false,"localization_font":"heading","localization_font_size":"1rem","localization_position":"right","localization_row":"top","section_width":"page-width","section_height":"standard","enable_sticky_header":"always","divider_width":0,"divider_size":"page-width","border_width":1,"color_scheme_top":"scheme-1","color_scheme_bottom":"","color_scheme_transparent":"scheme-6","enable_transparent_header_home":false,"home_color_scheme":"default","enable_transparent_header_product":false,"product_color_scheme":"default","enable_transparent_header_collection":false,"collection_color_scheme":"default"}},"divider_TkJgkg":{"type":"divider","name":"t:names.divider_section","settings":{"color_scheme":"","section_width":"page-width","thickness":1,"corner_radius":"square","width_percent":100,"alignment_horizontal":"center","padding-block-start":0,"padding-block-end":0}}},"order":["header_section","divider_TkJgkg"]}