{
  "sections": {
    "main": {
      "type": "main-404",
      "blocks": {
        "text_heading": {
          "type": "text",
          "name": "t:names.text",
          "settings": {
            "text": "<h1>Page not found</h1>",
            "width": "100%",
            "max_width": "normal",
            "alignment": "center",
            "type_preset": "h3",
            "font": "var(--font-primary--family)",
            "font_size": "",
            "line_height": "normal",
            "letter_spacing": "normal",
            "case": "none",
            "wrap": "pretty",
            "color": "",
            "background": false,
            "background_color": "#00000026",
            "corner_radius": 0,
            "padding-block-start": 0,
            "padding-block-end": 0,
            "padding-inline-start": 0,
            "padding-inline-end": 0
          },
          "blocks": {}
        },
        "text_body": {
          "type": "text",
          "name": "t:names.text",
          "settings": {
            "text": "<p>The link may be incorrect, or the page has been removed.</p>",
            "width": "100%",
            "max_width": "normal",
            "alignment": "center",
            "type_preset": "rte",
            "font": "var(--font-primary--family)",
            "font_size": "",
            "line_height": "normal",
            "letter_spacing": "normal",
            "case": "none",
            "wrap": "pretty",
            "color": "",
            "background": false,
            "background_color": "#00000026",
            "corner_radius": 0,
            "padding-block-start": 0,
            "padding-block-end": 16,
            "padding-inline-start": 0,
            "padding-inline-end": 0
          },
          "blocks": {}
        },
        "button_continue": {
          "type": "button",
          "name": "t:names.button",
          "settings": {
            "label": "Continue shopping",
            "link": "shopify://collections/all",
            "open_in_new_tab": false,
            "style_class": "button",
            "width": "fit-content",
            "custom_width": 100,
            "width_mobile": "fit-content",
            "custom_width_mobile": 100
          },
          "blocks": {}
        }
      },
      "block_order": [
        "text_heading",
        "text_body",
        "button_continue"
      ],
      "settings": {
        "content_direction": "column",
        "section_width": "page-width",
        "section_height": "small",
        "horizontal_alignment_flex_direction_column": "center",
        "vertical_alignment_flex_direction_column": "center",
        "gap": 20,
        "color_scheme": "",
        "padding-block-start": 100,
        "padding-block-end": 100
      }
    }
  },
  "order": [
    "main"
  ]
}
