{
  "sections": {
    "cart-section": {
      "type": "main-cart",
      "blocks": {
        "cart-page-title": {
          "type": "_cart-title",
          "static": true,
          "settings": {
            "title": "Cart",
            "show_count": true,
            "type_preset": "h4",
            "alignment": "left",
            "padding-block-start": 0,
            "padding-block-end": 0,
            "padding-inline-start": 0,
            "padding-inline-end": 0
          },
          "blocks": {}
        },
        "cart-page-items": {
          "type": "_cart-products",
          "static": true,
          "settings": {
            "gap": 24,
            "image_ratio": "portrait",
            "dividers": true,
            "vendor": false,
            "padding-block-start": 0,
            "padding-block-end": 0,
            "padding-inline-start": 0,
            "padding-inline-end": 0
          },
          "blocks": {}
        },
        "cart-page-summary": {
          "type": "_cart-summary",
          "static": true,
          "settings": {
            "extend_summary": true,
            "inherit_color_scheme": false,
            "color_scheme": "scheme-2",
            "border": "none",
            "border_width": 1,
            "border_opacity": 100,
            "border_radius": 0
          },
          "blocks": {}
        }
      },
      "settings": {
        "section_width": "page-width",
        "color_scheme": "",
        "padding-block-start": 24,
        "padding-block-end": 0
      }
    },
    "product_list_NNFgcy": {
      "type": "product-list",
      "blocks": {
        "static-header": {
          "type": "_product-list-content",
          "name": "t:names.header",
          "static": true,
          "settings": {
            "content_direction": "row",
            "vertical_on_mobile": false,
            "horizontal_alignment": "space-between",
            "vertical_alignment": "flex-end",
            "align_baseline": true,
            "horizontal_alignment_flex_direction_column": "flex-start",
            "vertical_alignment_flex_direction_column": "center",
            "gap": 12,
            "width": "fill",
            "custom_width": 100,
            "width_mobile": "fill",
            "custom_width_mobile": 100,
            "height": "fit",
            "custom_height": 100,
            "inherit_color_scheme": true,
            "color_scheme": "",
            "background_media": "none",
            "video_position": "cover",
            "background_image_position": "cover",
            "border": "none",
            "border_width": 1,
            "border_opacity": 100,
            "border_radius": 0,
            "padding-block-start": 0,
            "padding-block-end": 0,
            "padding-inline-start": 0,
            "padding-inline-end": 0
          },
          "blocks": {
            "product_list_text_fifeh4": {
              "type": "_product-list-text",
              "name": "t:names.collection_title",
              "settings": {
                "text": "<h3>You may also like</h3>",
                "width": "fit-content",
                "max_width": "normal",
                "alignment": "left",
                "type_preset": "h4",
                "font": "var(--font-body--family)",
                "font_size": "",
                "line_height": "normal",
                "letter_spacing": "normal",
                "case": "none",
                "wrap": "pretty",
                "color": "var(--color-foreground)",
                "background": false,
                "background_color": "#00000026",
                "corner_radius": 0,
                "padding-block-start": 0,
                "padding-block-end": 0,
                "padding-inline-start": 0,
                "padding-inline-end": 0
              },
              "blocks": {}
            },
            "product_list_button_eibbma": {
              "type": "_product-list-button",
              "name": "t:names.product_list_button",
              "settings": {
                "label": "View all",
                "open_in_new_tab": false,
                "style_class": "link",
                "width": "fit-content",
                "custom_width": 100,
                "width_mobile": "fit-content",
                "custom_width_mobile": 100
              },
              "blocks": {}
            }
          },
          "block_order": [
            "product_list_text_fifeh4",
            "product_list_button_eibbma"
          ]
        },
        "static-product-card": {
          "type": "_product-card",
          "name": "t:names.product_card",
          "static": true,
          "settings": {
            "product_card_gap": 4,
            "inherit_color_scheme": true,
            "color_scheme": "",
            "border": "none",
            "border_width": 1,
            "border_opacity": 100,
            "border_radius": 0,
            "padding-block-start": 0,
            "padding-block-end": 0,
            "padding-inline-start": 0,
            "padding-inline-end": 0
          },
          "blocks": {
            "product_card_gallery_PEPpfq": {
              "type": "_product-card-gallery",
              "name": "t:names.product_card_media",
              "settings": {
                "image_ratio": "adapt",
                "border": "none",
                "border_width": 1,
                "border_opacity": 100,
                "border_radius": 0,
                "padding-block-start": 0,
                "padding-block-end": 0,
                "padding-inline-start": 0,
                "padding-inline-end": 0
              },
              "blocks": {}
            },
            "product_title_WNMpHe": {
              "type": "product-title",
              "name": "t:names.product_title",
              "settings": {
                "width": "100%",
                "max_width": "normal",
                "alignment": "left",
                "type_preset": "rte",
                "font": "var(--font-body--family)",
                "font_size": "",
                "line_height": "normal",
                "letter_spacing": "normal",
                "case": "none",
                "wrap": "pretty",
                "color": "var(--color-foreground)",
                "background": false,
                "background_color": "#00000026",
                "corner_radius": 0,
                "padding-block-start": 4,
                "padding-block-end": 0,
                "padding-inline-start": 0,
                "padding-inline-end": 0
              },
              "blocks": {}
            },
            "price_yXfkPX": {
              "type": "price",
              "name": "t:names.product_price",
              "settings": {
                "show_sale_price_first": true,
                "show_installments": false,
                "show_tax_info": false,
                "type_preset": "h6",
                "width": "100%",
                "alignment": "left",
                "font": "var(--font-body--family)",
                "font_size": "1rem",
                "line_height": "normal",
                "letter_spacing": "normal",
                "case": "none",
                "color": "var(--color-foreground)",
                "padding-block-start": 0,
                "padding-block-end": 0,
                "padding-inline-start": 0,
                "padding-inline-end": 0
              },
              "blocks": {}
            }
          },
          "block_order": [
            "product_card_gallery_PEPpfq",
            "product_title_WNMpHe",
            "price_yXfkPX"
          ]
        }
      },
      "name": "Featured collection",
      "settings": {
        "collection": "all",
        "layout_type": "grid",
        "carousel_on_mobile": false,
        "max_products": 4,
        "columns": 4,
        "mobile_columns": "2",
        "mobile_card_size": "60cqw",
        "columns_gap": 8,
        "rows_gap": 24,
        "icons_style": "arrow",
        "icons_shape": "none",
        "section_width": "page-width",
        "horizontal_alignment": "flex-start",
        "gap": 28,
        "color_scheme": "scheme-1",
        "padding-block-start": 48,
        "padding-block-end": 48
      }
    }
  },
  "order": [
    "cart-section",
    "product_list_NNFgcy"
  ]
}