{
  "sections": {
    "kit_header": {
      "type": "sanad-kit-landing",
      "settings": {
        "kicker": "Sanad Drive Kit",
        "title": "Comfort Kit",
        "subtitle": "<p>Relief for long drives, heat, traffic, and fatigue — calm premium execution.</p>",
        "bullets": "<ul><li>Comfort and posture essentials</li><li>Heat + interior ease items</li><li>Daily usability upgrades</li></ul>",
        "disclaimer": "<p>Lebanon-first: Cash on Delivery + Whish. Products only — no roadside services.</p>",
        "section_width": "page-width",
        "color_scheme": "scheme-1",
        "padding-block-start": 40,
        "padding-block-end": 8
      }
    },
    "main": {
      "type": "main-collection",
      "blocks": {
        "filters": {
          "type": "filters",
          "static": true,
          "settings": {
            "enable_filtering": false,
            "filter_style": "horizontal",
            "filter_width": "centered",
            "text_label_case": "default",
            "show_swatch_label": false,
            "show_filter_label": false,
            "enable_sorting": false,
            "enable_grid_density": true,
            "inherit_color_scheme": true,
            "color_scheme": "",
            "padding-block-start": 0,
            "padding-block-end": 0,
            "padding-inline-start": 0,
            "padding-inline-end": 0,
            "facets_margin_bottom": 0,
            "facets_margin_right": 20
          }
        },
        "product-card": {
          "type": "_product-card",
          "static": true,
          "settings": {
            "product_card_gap": 4,
            "inherit_color_scheme": true,
            "color_scheme": "",
            "border": "none",
            "border_width": 1,
            "border_opacity": 100,
            "border_radius": 0,
            "padding-block-start": 0,
            "padding-block-end": 0,
            "padding-inline-start": 0,
            "padding-inline-end": 0
          },
          "blocks": {
            "card-gallery": {
              "type": "_product-card-gallery",
              "settings": {
                "image_ratio": "adapt",
                "border": "none",
                "border_width": 1,
                "border_opacity": 100,
                "border_radius": 0,
                "padding-block-start": 0,
                "padding-block-end": 0,
                "padding-inline-start": 0,
                "padding-inline-end": 0
              }
            },
            "product_title": {
              "type": "product-title",
              "name": "t:names.product_title",
              "settings": {
                "width": "100%",
                "max_width": "normal",
                "alignment": "left",
                "type_preset": "rte",
                "font": "var(--font-body--family)",
                "font_size": "1rem",
                "line_height": "normal",
                "letter_spacing": "normal",
                "case": "none",
                "wrap": "pretty",
                "color": "var(--color-foreground)",
                "background": false,
                "background_color": "#00000026",
                "corner_radius": 0,
                "padding-block-start": 4,
                "padding-block-end": 0,
                "padding-inline-start": 0,
                "padding-inline-end": 0
              }
            },
            "price": {
              "type": "price",
              "settings": {
                "show_sale_price_first": true,
                "show_installments": false,
                "show_tax_info": false,
                "type_preset": "h6",
                "width": "100%",
                "alignment": "left",
                "font": "var(--font-body--family)",
                "font_size": "1rem",
                "line_height": "normal",
                "letter_spacing": "normal",
                "case": "none",
                "color": "var(--color-foreground)",
                "padding-block-start": 0,
                "padding-block-end": 0,
                "padding-inline-start": 0,
                "padding-inline-end": 0
              }
            }
          },
          "block_order": ["card-gallery", "product_title", "price"]
        }
      },
      "settings": {
        "layout_type": "grid",
        "product_card_size": "medium",
        "mobile_product_card_size": "small",
        "product_grid_width": "centered",
        "full_width_on_mobile": true,
        "columns_gap_horizontal": 16,
        "columns_gap_vertical": 24,
        "padding-inline-start": 0,
        "padding-inline-end": 0,
        "color_scheme": "scheme-1",
        "padding-block-start": 8,
        "padding-block-end": 48
      }
    }
  },
  "order": ["kit_header", "main"]
}