{
  "sections": {
    "main": {
      "type": "main-page",
      "blocks": {
        "title": {
          "type": "text",
          "name": "Title",
          "settings": {
            "text": "<h1>{{ closest.page.title }}</h1>",
            "width": "100%",
            "max_width": "normal",
            "alignment": "left",
            "type_preset": "h2",
            "font": "var(--font-primary--family)",
            "font_size": "",
            "line_height": "normal",
            "letter_spacing": "normal",
            "case": "none",
            "wrap": "pretty",
            "color": "",
            "background": false,
            "background_color": "#00000026",
            "corner_radius": 0,
            "padding-block-start": 0,
            "padding-block-end": 0,
            "padding-inline-start": 0,
            "padding-inline-end": 0
          },
          "blocks": {}
        },
        "content": {
          "type": "page-content",
          "settings": {},
          "blocks": {}
        }
      },
      "block_order": ["title", "content"],
      "settings": {
        "content_direction": "column",
        "gap": 24,
        "color_scheme": "",
        "padding-block-start": 40,
        "padding-block-end": 32
      }
    },
    "trust": {
      "type": "sanad-trust",
      "blocks": {
        "cod": {"type": "trust_item", "settings": {"title": "Cash on Delivery", "body": "<p>Pay on delivery in Lebanon.</p>"}},
        "whish": {"type": "trust_item", "settings": {"title": "Whish Money", "body": "<p>Local payments supported.</p>"}},
        "scope": {"type": "trust_item", "settings": {"title": "Products only", "body": "<p>No towing, no dispatch, no roadside assistance.</p>"}},
        "images": {"type": "trust_item", "settings": {"title": "One product per image", "body": "<p>Clean product photography. No collages.</p>"}}
      },
      "block_order": ["cod", "whish", "scope", "images"],
      "settings": {
        "heading": "Quick answers, no ambiguity.",
        "section_width": "page-width",
        "color_scheme": "scheme-1",
        "padding-block-start": 8,
        "padding-block-end": 60
      }
    }
  },
  "order": ["main", "trust"]
}
