{
  "layout": "password",
  "sections": {
    "main": {
      "type": "password",
      "blocks": {
        "logo": {
          "type": "logo",
          "name": "Logo",
          "settings": {
            "inverse": false,
            "font": "heading",
            "unit": "pixel",
            "percent_width": 100,
            "pixel_height": 24,
            "custom_mobile_size": false,
            "unit_mobile": "percent",
            "percent_width_mobile": 80,
            "pixel_height_mobile": 120,
            "padding-block-start": 0,
            "padding-block-end": 32,
            "padding-inline-start": 0,
            "padding-inline-end": 0
          },
          "blocks": {}
        },
        "text": {
          "type": "text",
          "name": "Text",
          "settings": {
            "text": "<h1>Opening soon</h1>",
            "width": "fit-content",
            "max_width": "normal",
            "alignment": "left",
            "type_preset": "h3",
            "font": "var(--font-primary--family)",
            "font_size": "",
            "line_height": "normal",
            "letter_spacing": "normal",
            "case": "none",
            "wrap": "pretty",
            "color": "",
            "background": false,
            "background_color": "#00000026",
            "corner_radius": 0,
            "padding-block-start": 0,
            "padding-block-end": 0,
            "padding-inline-start": 0,
            "padding-inline-end": 0
          },
          "blocks": {}
        }
      },
      "block_order": [
        "logo",
        "text"
      ],
      "name": "Password",
      "settings": {
        "content_direction": "column",
        "vertical_on_mobile": true,
        "horizontal_alignment": "center",
        "vertical_alignment": "center",
        "align_baseline": false,
        "horizontal_alignment_flex_direction_column": "center",
        "vertical_alignment_flex_direction_column": "center",
        "gap": 12,
        "section_width": "page-width",
        "color_scheme": "",
        "background_media": "none",
        "video_position": "cover",
        "background_image_position": "cover",
        "border": "none",
        "border_width": 1,
        "border_opacity": 100,
        "border_radius": 0,
        "padding-block-start": 100,
        "padding-block-end": 100
      }
    }
  },
  "order": [
    "main"
  ]
}