{
  "sections": {
    "main": {
      "type": "product-information",
      "blocks": {
        "media-gallery": {
          "type": "_product-media-gallery",
          "static": true,
          "settings": {
            "media_presentation": "grid",
            "media_columns": "two",
            "image_gap": 4,
            "large_first_image": false,
            "icons_style": "none",
            "slideshow_controls_style": "counter",
            "slideshow_mobile_controls_style": "dots",
            "thumbnail_position": "right",
            "thumbnail_width": 44,
            "aspect_ratio": "adapt",
            "constrain_to_viewport": true,
            "media_fit": "contain",
            "media_radius": 0,
            "extend_media": false,
            "zoom": true,
            "video_loop": false,
            "hide_variants": true,
            "padding-block-start": 0,
            "padding-block-end": 0,
            "padding-inline-start": 0,
            "padding-inline-end": 0
          },
          "blocks": {}
        },
        "product-details": {
          "type": "_product-details",
          "static": true,
          "settings": {
            "width": "fill",
            "custom_width": 100,
            "width_mobile": "fill",
            "custom_width_mobile": 100,
            "height": "fit",
            "details_position": "flex-start",
            "gap": 28,
            "sticky_details_desktop": true,
            "inherit_color_scheme": true,
            "color_scheme": "scheme-1",
            "background_media": "none",
            "video_position": "cover",
            "background_image_position": "cover",
            "border": "none",
            "border_width": 1,
            "border_opacity": 100,
            "border_radius": 0,
            "padding-block-start": 24,
            "padding-block-end": 24,
            "padding-inline-start": 0,
            "padding-inline-end": 0
          },
          "blocks": {
            "group_icgrde": {
              "type": "group",
              "name": "Header",
              "settings": {
                "open_in_new_tab": false,
                "content_direction": "column",
                "vertical_on_mobile": true,
                "horizontal_alignment": "flex-start",
                "vertical_alignment": "center",
                "align_baseline": false,
                "horizontal_alignment_flex_direction_column": "flex-start",
                "vertical_alignment_flex_direction_column": "center",
                "gap": 12,
                "width": "fill",
                "custom_width": 100,
                "width_mobile": "fill",
                "custom_width_mobile": 100,
                "height": "fit",
                "custom_height": 100,
                "inherit_color_scheme": true,
                "color_scheme": "",
                "background_media": "none",
                "video_position": "cover",
                "background_image_position": "cover",
                "border": "none",
                "border_width": 1,
                "border_opacity": 100,
                "border_radius": 0,
                "toggle_overlay": false,
                "overlay_color": "#00000026",
                "overlay_style": "solid",
                "gradient_direction": "to top",
                "padding-block-start": 0,
                "padding-block-end": 0,
                "padding-inline-start": 0,
                "padding-inline-end": 0
              },
              "blocks": {
                "text_xrnftG": {
                  "type": "text",
                  "name": "Product title",
                  "settings": {
                    "text": "<h1>{{ closest.product.title }}</h1>",
                    "width": "100%",
                    "max_width": "normal",
                    "alignment": "left",
                    "type_preset": "h3",
                    "font": "var(--font-primary--family)",
                    "font_size": "",
                    "line_height": "normal",
                    "letter_spacing": "normal",
                    "case": "none",
                    "wrap": "pretty",
                    "color": "",
                    "background": false,
                    "background_color": "#00000026",
                    "corner_radius": 0,
                    "padding-block-start": 0,
                    "padding-block-end": 0,
                    "padding-inline-start": 0,
                    "padding-inline-end": 0
                  },
                  "blocks": {}
                },
                "price_tVjtKg": {
                  "type": "price",
                  "settings": {
                    "show_sale_price_first": true,
                    "show_installments": false,
                    "show_tax_info": false,
                    "type_preset": "paragraph",
                    "width": "100%",
                    "alignment": "left",
                    "font": "var(--font-body--family)",
                    "font_size": "1rem",
                    "line_height": "normal",
                    "letter_spacing": "normal",
                    "case": "none",
                    "color": "var(--color-foreground)",
                    "padding-block-start": 4,
                    "padding-block-end": 0,
                    "padding-inline-start": 0,
                    "padding-inline-end": 0
                  },
                  "blocks": {}
                }
              },
              "block_order": [
                "text_xrnftG",
                "price_tVjtKg"
              ]
            },
            "divider_VJhene": {
              "type": "_divider",
              "name": "t:names.divider",
              "settings": {
                "thickness": 1,
                "corner_radius": "square",
                "width_percent": 100,
                "padding-block-start": 0,
                "padding-block-end": 0
              },
              "blocks": {}
            },
            "variant_picker_R3rGDr": {
              "type": "variant-picker",
              "settings": {
                "variant_style": "buttons",
                "show_swatches": false,
                "alignment": "left",
                "padding-block-start": 0,
                "padding-block-end": 0,
                "padding-inline-start": 0,
                "padding-inline-end": 0
              },
              "blocks": {}
            },
            "buy_buttons_eYQEYi": {
              "type": "buy-buttons",
              "settings": {
                "stacking": true,
                "show_pickup_availability": false,
                "padding-block-start": 0,
                "padding-block-end": 0,
                "padding-inline-start": 0,
                "padding-inline-end": 0
              },
              "blocks": {
                "quantity": {
                  "type": "quantity",
                  "static": true,
                  "settings": {},
                  "blocks": {}
                },
                "add-to-cart": {
                  "type": "add-to-cart",
                  "static": true,
                  "settings": {
                    "style_class": "button"
                  },
                  "blocks": {}
                }
              },
              "block_order": []
            },
            "text_aEtTtq": {
              "type": "text",
              "name": "Product description",
              "settings": {
                "text": "{{ closest.product.description }}",
                "width": "100%",
                "max_width": "normal",
                "alignment": "left",
                "type_preset": "rte",
                "font": "var(--font-primary--family)",
                "font_size": "",
                "line_height": "normal",
                "letter_spacing": "normal",
                "case": "none",
                "wrap": "pretty",
                "color": "",
                "background": false,
                "background_color": "#00000026",
                "corner_radius": 0,
                "padding-block-start": 0,
                "padding-block-end": 0,
                "padding-inline-start": 0,
                "padding-inline-end": 0
              },
              "blocks": {}
            },
            "text_sanad_payment": {
              "type": "text",
              "name": "Payment note",
              "settings": {
                "text": "<p style='margin:0;color:rgba(29,29,31,.75);font-size:0.95rem'>Pay cash on delivery or via Whish Money.</p>",
                "width": "100%",
                "max_width": "normal",
                "alignment": "left",
                "type_preset": "paragraph",
                "font": "var(--font-body--family)",
                "font_size": "1rem",
                "line_height": "normal",
                "letter_spacing": "normal",
                "case": "none",
                "wrap": "pretty",
                "color": "rgba(29,29,31,.75)",
                "background": false,
                "background_color": "#00000026",
                "corner_radius": 0,
                "padding-block-start": 0,
                "padding-block-end": 0,
                "padding-inline-start": 0,
                "padding-inline-end": 0
              },
              "blocks": {}
            }
          },
          "block_order": [
            "group_icgrde",
            "divider_VJhene",
            "variant_picker_R3rGDr",
            "buy_buttons_eYQEYi",
            "text_sanad_payment",
            "text_aEtTtq"
          ]
        }
      },
      "settings": {
        "content_width": "content-center-aligned",
        "desktop_media_position": "left",
        "equal_columns": false,
        "limit_details_width": false,
        "gap": 48,
        "color_scheme": "",
        "padding-block-start": 0,
        "padding-block-end": 0
      }
    },
    "product_recommendations_qggXJq": {
      "type": "product-recommendations",
      "blocks": {
        "text_cbcgyb": {
          "type": "text",
          "name": "t:names.header",
          "settings": {
            "text": "<h3>You may also like </h3>",
            "width": "fit-content",
            "max_width": "normal",
            "alignment": "left",
            "type_preset": "h4",
            "font": "var(--font-primary--family)",
            "font_size": "",
            "line_height": "normal",
            "letter_spacing": "normal",
            "case": "none",
            "wrap": "pretty",
            "color": "",
            "background": false,
            "background_color": "#00000026",
            "corner_radius": 0,
            "padding-block-start": 0,
            "padding-block-end": 0,
            "padding-inline-start": 0,
            "padding-inline-end": 0
          },
          "blocks": {}
        },
        "static-product-card": {
          "type": "_product-card",
          "name": "t:names.product_card",
          "static": true,
          "settings": {
            "product_card_gap": 8,
            "inherit_color_scheme": true,
            "color_scheme": "",
            "border": "none",
            "border_width": 1,
            "border_opacity": 100,
            "border_radius": 0,
            "padding-block-start": 0,
            "padding-block-end": 8,
            "padding-inline-start": 0,
            "padding-inline-end": 0
          },
          "blocks": {
            "product_card_gallery_DNizbJ": {
              "type": "_product-card-gallery",
              "name": "t:names.product_card_media",
              "settings": {
                "image_ratio": "adapt",
                "border": "none",
                "border_width": 1,
                "border_opacity": 100,
                "border_radius": 0,
                "padding-block-start": 0,
                "padding-block-end": 0,
                "padding-inline-start": 0,
                "padding-inline-end": 0
              },
              "blocks": {}
            },
            "product_title_M7MJkb": {
              "type": "product-title",
              "name": "t:names.product_title",
              "settings": {
                "width": "100%",
                "max_width": "normal",
                "alignment": "left",
                "type_preset": "rte",
                "font": "var(--font-body--family)",
                "font_size": "1rem",
                "line_height": "normal",
                "letter_spacing": "normal",
                "case": "none",
                "wrap": "pretty",
                "color": "var(--color-foreground)",
                "background": false,
                "background_color": "#00000026",
                "corner_radius": 0,
                "padding-block-start": 4,
                "padding-block-end": 0,
                "padding-inline-start": 0,
                "padding-inline-end": 0
              },
              "blocks": {}
            },
            "price_gLWgA6": {
              "type": "price",
              "settings": {
                "show_sale_price_first": true,
                "show_installments": false,
                "show_tax_info": false,
                "type_preset": "h6",
                "width": "100%",
                "alignment": "left",
                "font": "var(--font-body--family)",
                "font_size": "1rem",
                "line_height": "normal",
                "letter_spacing": "normal",
                "case": "none",
                "color": "var(--color-foreground)",
                "padding-block-start": 0,
                "padding-block-end": 0,
                "padding-inline-start": 0,
                "padding-inline-end": 0
              },
              "blocks": {}
            }
          },
          "block_order": [
            "product_card_gallery_DNizbJ",
            "product_title_M7MJkb",
            "price_gLWgA6"
          ]
        }
      },
      "block_order": [
        "text_cbcgyb"
      ],
      "name": "t:names.product_recommendations",
      "settings": {
        "product": "{{ closest.product }}",
        "recommendation_type": "related",
        "layout_type": "grid",
        "carousel_on_mobile": false,
        "max_products": 4,
        "columns": 4,
        "mobile_columns": "2",
        "columns_gap": 12,
        "rows_gap": 24,
        "icons_style": "arrow",
        "icons_shape": "none",
        "section_width": "page-width",
        "gap": 28,
        "color_scheme": "scheme-1",
        "padding-block-start": 48,
        "padding-block-end": 48
      }
    }
  },
  "order": [
    "main",
    "product_recommendations_qggXJq"
  ]
}